,Title,Ingredients,Steps,Loves,URL,Category,Formatted Ingredients
0,Semur Ayam dan Kentang,"1 kg Ayam potong_potong. Goreng terlebih dahulu--1/2 kg kentang, kupas, potong bulat dan goreng--6 siung bawang putih dihaluskan--3 siung bawang merah dihaluskan--6 sdm kecap manis atau sesuai selera--1/2 sdt merica bubuk--1 sdm saus tiram--Secukupnya garam--Secukupnya gula--1 ruas jahe geprek--Secukupnya air--Minyak untuk menggoreng ayam--",Tumis bumbu halus dan jahe sampai harum. Masukkan ayam dan Kentang serta bumbu lainnya. Masukkan air. Masak sampai ayam matang dan air meresap. Test rasa. Angkat dan sajikan.--,22,/id/resep/4067098-semur-ayam-dan-kentang,Ayam,1kg-ayam; 200g-kentang; 50g-bawang putih; 50g-bawang merah; 6sdm-kecap manis; 1/2sdt-merica; 1sdm-saus tiram; 1sdt-garam; 1sdt-gula; 10g-jahe; air; minyak
1,Mie Ayam,1/2 kg mie telur--1/2 ekor ayam--1 buah bawang bombay--5 siung bawang merah haluskan--6 siung bawang putih haluskan--2 ruas jahe haluskan--3 sendok makan kecap manis--3 sendok makan kecap asin--2 sendok makan saos tiram--1 sendok makan kecap inggris--1 sendok makan minyak wijen--3 lembar daun jeruk--1 lembar daun salam--1 batang serai--2 batang daun bawang--Garam dan penyedap rasa--1 sendok teh merica bubuk--,"Rebus mie telur sampai matang--Rebus ayam hingga empuk dengan sedikit garam kemudian potong kecil2--Tumis bawang bombay, bawang merah, bawang putih hingga harum--Tambahkan jahe giling, daun salam, daun jeruk dan serai.--Masukkan kecap manis, kecap asin, kecap inggris, minyak wijen dan saos tiram.--Masukan ayam yang telah di rebus aduk rata.--Masukkan garam, penyedap rasa, dan merica bubuk sesuai selera--Tambahkan sedikit air, masukan potongan daun bawang. Masak hingga empuk--Bahan kuah, siapkan air. Masukkan daun bawang, kaldu ayam, dan merica bubuk--Tata mie ayam. Letakkan mie, toping ayam dan siram dengan kuah.--",194,/id/resep/4337966-mie-ayam,Ayam,"500g-mie telur; 1/2-ayam; 1-bawang bombay; 5-bawang merah; 6-bawang putih; 2-jahe; 3-kecap manis; 3-kecap asin; 2-saus tiram; 1-kecap inggris; 1-minyak wijen; 3-daun jeruk; 1-daun salam; 1-serai; 2-daun bawang; Garam, penyedap rasa; 1-merica bubuk"
2,Mangut ayam,"1/4 ayam, potong--1 ikat daun kemangi, buang tangkai nya--1/2 bks kara--Salam--Serai--Daun jeruk--Garam,gula,masako--Asam jawa--secukupnya Air--Minyak untuk menumis--Bumbu yang dihaluskan--1/2 sdt ketumbar--1 ruas jahe--2 siung bawang putih dan bawang merah--1 ruas kunyit--2 butir kemiri--","Tumis bumbu xg dihaluskan sampai ngan salam dan serai, sampai harum lalu masukan daun jeruk, eiitss jgn lupa asam ny--Tambahkan air dan masukan ayam--Beri garam, gula, masako secukupnya--Tunggu sampai mendidih dan ayam empuk--Jika sudah tambahkan santan, aduk, tunggu lagi sampai santan tercampur dan tidak pecah--Jika sudah tambahkan daun kemangi, tunggu sampai stengah layu lalu matikan api dan sajikaaann....--",24,/id/resep/4347715-mangut-ayam,Ayam,1kg-ikan; 200ml-air; 1 ikat-daun kemangi; 1/2-santan; 1 lembar-salam; 1 batang-serai; 1 lembar-daun jeruk; garam; gula; masako; asam jawa; 1/2 sdt-ketumbar; 1 ruas-jahe; 2 siung-bawang; 1 ruas-kunyit; 2 butir-kemiri; minyak
3,Ceker sayap kepala ayam sambal mercon,3 kepala ayam--3 sayap ayam--3 ceker ayam--secukupnya Cabai rawit dan merah--secukupnya lada--garam--Gula--Bawang merah--Bawang putih--Saus tiram--Minyak goreng--Royco ayam--,"Rebus ayam sampai lunak, tiriskan--Siapkan wajan, haluskan bawang merah, bawang putih, merica, cabai, tumis hingga harum.--Tambahkan garam, royco ayam, gula, secukupnya.--Masukan kepala ceker dan wings yang telah direbus, aduk hingga rata, tambahkan sedikit air, tutup.--Kira kira bumbu meresap dan air sudah surut, tambahkan saus tiram, aduk sebentar, sajikan--Note: punya saya minyaknya kebanyakan, kalian bisa gunakan sedikit minyak saja untuk menumis,--Kalo mau lebih pedas bisa ditambah cabe bubuk atau boncabe level 30--",25,/id/resep/4315690-ceker-sayap-kepala-ayam-sambal-mercon,Ayam,1kg-ayam; 200ml-air; secukupnya-cabai; secukupnya-lada; secukupnya-garam; 100gr-bawang; 50gr-bawang-putih; 1sdm-saus-tiram; 2sdm-minyak; 1sdt-royco
4,Ayam Geprek Sambel Bawang,Bahan untuk sambelnya:--1 sdm garam--1/2 sdt gula--1/2 sdt penyedap rasa ayam--1/4 buah tomat--20 buah cabe--3 buah bawang merah--2 buah bawang putih--Minyak goreng (secukupnya)--Bahan untuk ayamnya:--Dada ayam (cuci bersih)--Tepung terigu--Tepung bumbu crispy--,"Balur dada ayam ğŸ¥dengan tepung crispy yang sudah dicampur terigu--Goreng di minyak yang sudah dipanaskanğŸ”¥--Tiriskan--Goreng tomatğŸ…,bawang merah dan putih (sebentar saja)--Ulek bahan yang sudah digoreng beserta lombokğŸŒ¶,tambahkan garam,gula dan penyedap rasa ayam. Tambahkan sedikit minyak gorengan ayam tadi--Penyet ayamğŸ”ª--Siap dinikmati dengan nasi hangatğŸš--",14,/id/resep/4383663-ayam-geprek-sambel-bawang,Ayam,1sdm-garam; 1/2sdt-gula; 1/2sdt-penyedap ayam; 1/4-tomat; 20-cabe; 3-bawang merah; 2-bawang putih; Minyak goreng; Dada ayam; Tepung terigu; Tepung bumbu crispy
5,Ikan Patin Wokubelanga,1 ekor ikan patin potong2 cuci bersih--2 tangkai daun kemangi (me: skip krn gada)--2 btg daun bawang iris halus--1 lbr daun kunyit potong 2--1 tangkai serai geprek--2 lbr daun pandan iris halus--2 bh tomat iris halus--Bumbu halus:--10 bh cabe merah (me: 7bh)--5 btr bawang merah--2 ruas jahe--Garam seckpnya--,Siapkan bumbu2nya...haluskan lalu tumis...aduk2 sampai harum--Masukkan tomat..sereh..daun kunyit..daun pandan dan daun bawang..aduk2 hingga layu--Kasih air seckpnya... aduk2..test rasa..masukkan ikan patinnya...biarkan ikan matang..wajan hrs ditutup.--Setelah ikan matang masukkan daun kemanginya (me:skip)--Aduk2 hingga layu lalu angkat...tradaaa...siap u mkn siang.--,12,/id/resep/4061067-ikan-patin-wokubelanga,Ikan,1kg-ikan; 200ml-air; 2-daun bawang; 1-daun kunyit; 1-serai; 1-daun pandan; 2-tomat; 7-cabe merah; 5-bawang merah; 2-jahe; garam
6,Sup Ikan Kakap,2 buah ikan kakap segar ukuran sedang--1 buah serai geprek--2 buah daun jeruk--2 buah daun salam--1 ikat daun kemangi--1 buah jeruk nipis (ambil airnya)--Secukupnya minyak--1 liter air--2 bonggol daun bawang (iris seukuran 2 ruas jari)--Bumbu iris :--5 siung bawang merah--5 siung bawang putih--4 buah cabe keriting merah--3 buah cabe keriting hijau--3 buah cabe rawit--1 buah tomat--,"Potong ikan menjadi 4-6 bagian (tergantung besarnya).--Tumislah bumbu iris sampai harum (tanpa tomat) masukkan daun jeruk, daun salam, dan sereh.--Tuangkan air dan masak sampai mendidih. Tambahkan air perasan jeruk nipis.--Masukkan ikan, dan bumbu seperti gula, garam, potongan tomat. Cek rasanya.--Masak hingga matang. Tambahkan potongan daun bawang dan daun kemangi. Sajikan.--",33,/id/resep/4047780-sup-ikan-kakap,Ikan,1kg-ikan; 1-serai; 2-daun jeruk; 2-daun salam; 1-kemangi; 1-jeruk nipis; minyak; 1lt-air; 1-daun bawang; 5-bawang merah; 5-bawang putih; 4-cabe merah; 3-cabe hijau; 3-cabe rawit; 1-tomat
7,Otak otak jumbo ikan tengiri,1 kg ikan tengiri--2 sdm tapung tapioka--2 sdm tepung maizena--200 ml santan kental--2 tangkai daun bawang--Bahan bumbu halus--3 siung bawang putih--3 siung bawang merah--1/4 sdm lada halus--Bumbu kacang--5 buah cabai setan--2 siung bawang merah--1 genggam kacang goreng--300 ml air--secukupnya Daun pisang--,"Buang tulang ikan dan kerik dagingnya dr kulit ikan--Campurkan tepung tapioka,maizena,santan,daun bawang. Aduk sampai rata--Masukan bumbu halus, aduk lagi sampai rata--Masukan adonan ke daun pisang yg sdh bersih lalu kunci dg strepler atau lidi bagian ujungnya--Kukus kurleb 10 menit--Bakar otak2 di atas teflon smpai daun pisang sdkit gosong--Bahan sambal haluskan smua dg blender lalu masak smpai sambal sdkit mengental dan tmbahkan garam,gula dan cuka--Otak2 siap di sajikan--",14,/id/resep/4285691-otak-otak-jumbo-ikan-tengiri,Ikan,1kg-ikan; 4sdm-tepung; 200ml-santan; 2-daun bawang; 3-bawang putih; 3-bawang merah; 1/4sdm-lada; 5-cabai; 1-genggam kacang; 300ml-air; daun pisang
8,Grilled Dori with Sambal Matah / Dori Panggang Sambal Matah,Bahan 1 :--2 siung bawang putih (haluskan)--1/4 sdt lada--1/4 sdt kaldu jamur--1 sdm kecap manis--1 sdm kecap inggris--1 sdt madu--1/2 sdt air lemon--200 gr dori fillet--Bahan 2 :--4 sdm minyak sayur--1/2 tomat ukuran besar--15 butir cabe rawit--4 sdm minyak sayur--2 siung bawang merah--Garam--,Potong dori sesuai selera. Marinate dori dengan semua bahan 1. Diamkan di kulkas kurang lebih 1 jam--Sambal matah : panaskan minyak goreng--Iris semua bahan 2. Siram minyak panas pada irisan tersebut. Tambahkan garam sesuai selera--Setelah dori selesai dimarinasi. Siapkan pemanggang (sy pake multi grill pan lapisan teflon)--Oles pemanggang dengan margarine sedikit saja. Panggang sampai dori berubah warna kecoklat tua dengan api kecil--Pindahkan ke wajan. Siram dengan sambal matah. Voilaaa...dori panggang siap dimakan ğŸ‘Œ--,34,/id/resep/4239004-grilled-dori-with-sambal-matah-dori-panggang-sambal-matah,Ikan,100gr-dori fillet; 2-bawang putih; 1/4sdt-lada; 1/4sdt-kaldu jamur; 1sdm-kecap manis; 1sdm-kecap inggris; 1sdt-madu; 1/2sdt-lemon; 40ml-minyak sayur; 1/2-tomat; 15-cabe rawit; 2-bawang merah; Garam;
9,Pecak Gurame,"1 buah ikan gurame, saya 500 gram--1 buah jeruk nipis, sy pakai lemon--Bumbu halus untuk ikan:--3 siung bawang putih--2 cm kunyit--1 sdt ketumbar--Sejumput garam--Bumbu pecak: tumbuk kasar--8 siung bawang merah--4 siung bawang putih--2 cm jahe--1 cm kencur--1 ruas temu kunci, sy skip krn tidak punya--10 buah cabe rawit, sy hanya 3--10 buah cabe merah keriting, sy 1 buah cabe merah besar Nanjung--3 butir kemiri--Bumbu pelengkap:--1 batang sereh, ambil putihnya lalu geprek--2 lembar daun jeruk, buang tulangnya--1 buah tomat hijau--2 sdm air asam jawa--300 ml air--Secukupnya gula, garam--","Bersihkan ikan lalu cuci bersih. Lumuri dengan jeruk nipis. Biarkan 15 menit.--Haluskan bumbu ikan lalu lumuri kebadan ikan hingga rata. Biarkan 15 menit.--Goreng ikan hingga kering. Api kecil, dan jangan balik sebelum benar2 kering. Tutup penggorengannya ya. Angkat dan tiriskan.--Buat bumbu pecak. Sangrai bumbu pecak hinga kering lalu tumbuk kasar.--Tumis bumbu pecak hingga harum. Masukan bumbu pelengkap serai, daun jeruk dan tomat hijau. Masak hingga wangi.--Masukan air, air asam, gula dan garam. Aduk rata lalu koreksi rasa. Masak air tinggal sedikittt.--Tata di piring saji. Siram ikan gurame goreng dengan sambal pecak.--Sajikan.--",90,/id/resep/4029196-pecak-gurame,Ikan,500g-ikan; -jeruk nipis; -bawang putih; -kunyit; -ketumbar; -garam; -bawang merah; -jahe; -kencur; -cabe rawit; -cabe merah; -kemiri; -sereh; -daun jeruk; -tomat hijau; -air asam jawa; -air; -gula; -garam
10,Tongseng Daging,"1/4 kg daging sapi/kambing--secukupnya Kol , iris kecil--1 bh tomat merah, potong kecil--Bumbu halus :--5 siung Bawang merah--2 siung Bawang putih--2 bh kemiri--1 sdt ketumbar--1/2 sdt merica/lada--secukupnya Kunyit--secukupnya Jahe--2 bh cabe merah--5 bh cabe rawit merah (opsional, sesuai selera)--2 lembar daun salam--2 lembar daun jeruk--2 btg sere geprek--secukupnya Kecap manis--secukupnya Garam--secukupnya Gula pasir--1 bks royco sapi--secukupnya Air--","Rebus daging selama kurleb 1jam (agar daging empuk), tambahkan daun salam 3lbr dan 1btg sere, beri garam sedikit. Udah matang potong kecil2--Ulek semua bumbu halus--Panaskan minyak, tumis bumbu halus, tambahkan daun salam, daun jeruk dan sere. Tumis sampe harum--Beri sedikit air ditumisan bumbu, biarkan sebentar biar bumbu mateng.--Masukkan potongan daging, tambahkan air secukupnya, garam, gula, kecap, biarkan agak lama biar bumbu meresap--Tes rasa. Sebelum diangkat masukan potongan kol dan tomat--Masak sebentar. Angkat dan sajikan panas2 (enak dimakan saat daging masih panas)--",32,/id/resep/3273313-tongseng-daging,Kambing,1kg-daging; 1 bh-kol; 1 bh-tomat; 5 s-bawang merah; 2 s-bawang putih; 2 bh-kemiri; 1 sdt-ketumbar; 1/2 sdt-merica; 1 sdt-kunyit; 1 sdt-jahe; 2 bh-cabe merah; 5 bh-cabe rawit; 2 lembar-daun salam; 2 lembar-daun jeruk; 2 btg-sereh; Kecap manis; Garam; Gula; 1 bks-royco sapi; Air
11,Sop Kambing Bumbu Rempah Juara,"bahan sop :--1 kg daging kambing--8 lembar daun jeruk--1/4 kg kentang--2 batang wortel super besar--2 buah bawang bombay besar--13 siung bawang merah--15 siung bawang putih--4 butir kapulaga--7 butir cengkeh--4 buah bunga pekak--50 gram jahe (memarkan)--1 1/2 buah tomat merah besar--3 batang daun bawang (iris halus)--2 sdt pala bubuk--2 sdt ketumbar bubuk--1 sdt kayu manis bubuk--3 sdt lada bubuk--4 buah jeruk limau besar--secukupnya bawang goreng--secukupnya air, kaldu bubuk, garam, dan minyak--bahan sambal :--15 buah cabai rawit merah--1 siung bawang putih--","Daging tidak dicuci terlebih dahulu. Balansir daging kambing selama 3-4 menit (didihkan air, masukkan daging kambing lalu rebus selama 3-4 menit untuk menghilangkan darah dan kotoran pada daging). Aduk-aduk selama merebus agar darah dan kotoran tidak terbawa. Jangan merebus terlalu lama nanti kandungan gizi daging kambing terbuang dalam proses ini.--Setelah dibalansir daging ditiriskan dan dicuci bersih. Kemudian dipotong kecil-kecil sesuai selera. Sambil memotong daging, kita didihkan air. Ketika air sudah mendidih masukkan potongan daging kambing kemudian kita tutup pancinya dan masak daging sampai empuk.--Sambil menunggu daging empuk kita menumis bumbu. Panaskan minyak kemudian tumis bawang bombay, bawang merah, bawang putih, daun jeruk, jahe, bunga pekak, kapulaga, cengkeh, lada bubuk, ketumbar bubuk, pala bubuk, kayu manis bubuk sampai harum dan layu pastikan tidak berbau langu.--Masukkan kentang dan wortel ke dalam rebusan daging. Biarkan empuk.--Masukkan bumbu yang telah ditumis kemudian aduk rata. Biarkan bumbu meresap sempurna ke dalam daging.--Tambahkan garam dan kaldu bubuk.--Ketika daging sudah empuk, kentang dan wortel juga sudah empuk kita bisa memasukkan potongan tomat dan irisan daun bawang kemudian aduk rata.--Cicipi rasanya. Koreksi rasa lalu masukkan air perasan jeruk limau (dibuang bijinya) dan bawang goreng. Aduk rata. Tujuan dimasukkan air perasan jeruk limau dan bawang goreng saat proses memasak agar rasa dan aroma sop lebih kuat. Bila ingin menyediakan bawang lagi dan jeruk limau lagi saat makan boleh-boleh saja tapi saat proses memasak sebagian bawang dan air jeruk tetap wajib dimasukkan. Bila dirasa sudah cukup, matikan api.--Cara membuat sambalnya. Masukkan cabai, bawang putih, dan air dalam panci lalu nyalakan api.--Masak hingga air sat.--Haluskan cabai dan bawang yang telah direbus. Bila terlalu kental tambahkan air matang supaya sambal encer. Hati hati sambal ini pedes mampus.--Sajikan dan selamat mencoba.--Tasty and yummy.--",41,/id/resep/765808-sop-kambing-bumbu-rempah-juara,Kambing,1kg-daging kambing; 8-daun jeruk; 1/4kg-kentang; 2-wortel; 2-bawang bombay; 13-bawang merah; 15-bawang putih; 4-kapulaga; 7-cengkeh; 4-bunga pekak; 50g-jahe; 1 1/2-tomat; 3-daun bawang; 2sdt-pala bubuk; 2sdt-ketumbar bubuk; 1sdt-kayu manis bubuk; 3sdt-lada bubuk; 4-jeruk limau; -bawang goreng; -air; -kaldu bubuk; -garam; -minyak; 15-cabai rawit merah; 1-bawang putih;
12,Mulligatawny Soup,1500 ml air--350 gram daging kambing (saya pake daging sapi)--130 ml santan kental (saya pake santan instan)--200 gram kentang (potong kasar)--4 sdm minyak goreng--2 cm jahe (digeprek)--1 cm kunyit disangrai dan haluskan--1 sdm ketumbar bubuk disangrai--1/4 sdt jinten halus disangrai--1/2 sdt klabat dihaluskan dan disangrai--1 buah bawang bombay ukuran kecil dicincang kasar--2 lembar daun salam--1/2 sdt kayumanis bubuk--Bahan tambahan:--sesuai  selera Cabe bubuk untuk taburan--1 sdm air jeruk nipis--,"1. Panaskan minyak lalu tumis semua bumbu 2. Masukkan air tunggu sampai mendidih baru masukkan daging. Masak terus sampai daging empuk. Biarkan airnya berkurang 3.setelah daging empuk masukkan kentang dan santan. Masak terus sampai kentang matang. (Kalau airnya tinggal sedikit, bisa ditambah)--Taraaa........mullygatawny soup dah mateng....--",13,/id/resep/2003144-mulligatawny-soup,Kambing,1500ml-air; 350g-daging (sapi/kambing); 130ml-santan; 200g-kentang; 4sdm-minyak; 2cm-jahe; 1cm-kunyit (sangrai/haluskan); 1sdm-ketumbar (sangrai); 1/4sdm-jinten (sangrai); 1/2sdm-kalabat (sangrai/haluskan); 1buah-bawang bombay; 2lembar-daun salam; 1/2sdm-kayu manis
13,Nasi Kebuli,"5 cup beras--1/2 kg daging kambing + Â½ kg tulangnya--50 ml susu cair--Bumbu cemplung:--1 buah bawang bombay besar, cincang kasar--2 sdm bubuk kari--5 butir kapulaga--5 butir cengkeh--5 bunga lawang--1 batang kayu manis--secukupnya garam--secukupnya gula pasir--Bumbu halus:--3 cabe merah besar--15 butir bawang merah--8 butir bawang putih--1 sdm ketumbar--1/2 sdt pala bubuk--1 sdt merica--1/2 sdt adas--","Rebus air di panci, potong2 daging lalu masak bersama lengkuas selama 5 menit di air yg sudah mendidih. Angkat, tiriskan.--Cuci bersih beras, rendam sebentar. Sisihkan.--Tumis semua bumbu hingga mateng/wangi, tambahkan susu cair. Masukkan daging kambing, aduk rata.--Tambahkan air yg banyak spy airnya bisa digunakan utk memasak nasi. Masak hingga daging empuk. Angkat dagingnya, goreng asal kering aja.--Gunakan air rebusan untuk memasak nasi. Masak hingga nasi matang, aku pake rice cooker aja.--Sajikan, beri taburan bawang goreng.--Semoga bermanfaat.--",87,/id/resep/3331109-nasi-kebuli,Kambing,1kg-daging kambing + 500g-tulang; 500ml-air; 50ml-susu; 100g-bawang bombay; 200g-bawang merah; 150g-bawang putih; 20g-cabe merah; 50g-ketumbar; 20g-kayu manis; 20g-bunga lawang; 20g-cengkeh; 20g-kapulaga; 1g-pala bubuk; 5g-merica; 2g-adas; garam; gula
14,Sate Kambing #kitaberbagi,"300 gram daging kambing--1 sdt nanas parut--secukupnya Gula--secukupnya Garam--secukupnya Kecap manis--Bumbu halus:--2 siung bawang putih--3 buah bawang merah--1/2 sdm ketumbar--2 kemiri--Sambal kecap:--6 buah cabe merah kecil, potong2--3 buah cabe hijau kecil potong2--2 buah bawang merah, potong2--Secukupnya kecap manis--","Potong dadu kecil daging kambing, lumuri dengan 1 sdt nanas parut, diamkan 20 menit (misal skip langkah melumuri nanas ini juga tdk apa2 cuma daging tidak akan seempuk jika dilumuri nanas parut)--Haluskan bumbu, siram kedalam daging campur sampai rata diamkan 20-30 menit agar bumbu meresap. Ambil tusuk sate, tusukkan daging 4-5 potong daging.--Panggang/bakar sampai matang--Angkat, hidangkan dengan sambal kecap--Sambal kecap: aduk semua bahan jadi satu, hidangkan.--",168,/id/resep/3271777-sate-kambing-kitaberbagi,Kambing,1kg-daging kambing; 1sdt-nanas parut; secukupnya-gula; secukupnya-garam; secukupnya-kecap manis; 2siung-bawang putih; 3buah-bawang merah; 1/2sdm-ketumbar; 2buah-kemiri; 6buah-cabe merah; 3buah-cabe hijau; 2buah-bawang merah; secukupnya-kecap manis
15,Beef Steak alakadarnya ğŸ˜™,"1/4 kg daging sapi / ayam dipotong kotak lebar tipis--1/4 sdt lada bubuk--secukupnya Garam--Bumbu oles :--1 sdm saos teriyaki--1 sdm saos tiram--1 sdm kecap manis--Sedikit bawang bombay cincang dan garam--Bumbu saus :--1 siung bawang bombay--2 sdm daging sapi cincang lembut--3 sdm saos tomat--2 sdm saos sambal--1 sdm saos teriyaki--1 sdm saos tiram--1 sdm maizena dilarutkan sedikit air--Sedikit kecap manis--Sejumput garam dan lada bubuk--Pelengkap :--Rebusan wortel, buncis, dll--Kentang goreng--","Cuci bersih daging yg sudah diiris tipis. Rebus daging hingga empuk. Tambahkan sedikit garam dan lada bubuk dalam air rebusan. (Aku biasanya sebelum dicuci suka dikasih perasan jeruk nipis dulu atau parutan nanas)--Daging yg sudah empuk, dipukul2 dg alat pemukul daging hingga agak pipih dan empuk.--Panaskan teflon, beri sedikit margarin dulu, panggang daging yg sudah dipukul2 diatas teflon. Beri bumbu olesan. Panggang hingga matang bumbu meresap.--Tata dalam piring; kentang goreng, wortel, buncis, daging panggang. Siram bumbu saus diatasnya. Siap santap ğŸ˜˜ğŸ˜˜ bisa dikasih wijen sedikit kalo ada--Meski tanpa Hot plate,, tanpa pisau daging,, tanpa bumbu yg lengkap.. rasanya tetap endol markendol ğŸ˜˜--Bumbu saus; tumis bawang bombay sama bawang putih cincang hingga harum, masukkan cincangan daging. (Aku ga pake bawang putih, lagi kosong) Masak hingga matang lalu tambahkan saos sambal, tomat, teriyaki, tiram. Aduk2. Tambahkan lada bubuk dan sedikit garam. Beri kecap manis sedikit. Masukkan maizena yg sudah dilarutkan dalam sedikit air. Aduk2 hingga saus agak kental. Bisa dikasih lada hitam bubuk biar lebih pedes ğŸ˜˜--Keliatannya banyak bahan,, padahal cuma segini bahan yg aku pake ğŸ˜‚--Ini yg digoreng pake tepung ğŸ˜˜ğŸ½--Sausnya lagih ğŸ˜˜----",40,/id/resep/3457347-beef-steak-alakadarnya-%F0%9F%98%99,Sapi,1/4 kg-daging; 1/4 sdt-lada; garam; 1 sdm-teriyaki; 1 sdm-tiram; 1 sdm-kecap; bawang bombay; 1 siung-bawang bombay; 2 sdm-sapi cincang; 3 sdm-tomat; 2 sdm-sambal; 1 sdm-maizena larut; kecap; garam; lada; rebusan sayuran; kentang goreng
16,Krengsengan daging sapi,"500 gr daging sapi, rebus sampai matang kemudian iris2--200 ml kaldu sapi/ sesuai selera--1 batang serai, memarkan--1 sdm petis udang--1 sdm gula merah--5 sdm kecap manis--Bumbu halus:--6 siung bawang merah--6 siung bawang putih--3 butir kemiri--Seruas jahe--3 buah cabe merah besar--1/2 sdt merica--","Tumis bumbu halus, serai, kecap manis, petis udang dan gula merah.--Tambahkan kaldu sapi. Aduk sampai rata--Masukkan daging sapi, aduk rata, masak sampai mengental.. koreksi rasa--",33,/id/resep/3395461-krengsengan-daging-sapi,Sapi,1kg-daging sapi; 200ml-kaldu; 1-serai; 1-petis udang; 1-gula merah; 5-kecap manis; 6-bawang merah; 6-bawang putih; 3-kemiri; 1-jahe; 3-cabe merah; 1/2-merica
17,Beef enoki roll#chinese food,12 lembar beef (terserah sich)--1 bgkus jamur enoki(jamur lidi)--1 sdm saus tiram--1 sdm gula--kecap asin(sedikit)--1/2 sendok tepung terigu--sdikit air--,"Siapkan dg.sapi dan jamur.. gulung2 dg.sapi dg isian jamur..--Siapkan mangkok, masukan saus tiram,kecap asin sedikit saja boleh stengah sndok makan, gula tepung,sdikit air,,, aduk2..--Lalu panaskan teplon/wajan,, celupkan beef roll k dalam kuah tadi lalu masak dech sampai matang... dan siap d sajikan...--",31,/id/resep/3551733-beef-enoki-rollchinese-food,Sapi,12 lembar daging sapi; 1 bungkus jamur enoki; 1 sdm saus tiram; 1 sdm gula; sedikit kecap asin; sedikit tepung; sedikit air
18,Beef Burger Homemade,"Bahan patty:--250 gr daging giling--1/2 siung bawang bombai cincang dadu--1 BTR putih telur--3 SDM tepung roti--20 ml susu cair plain/UHT--2/3 sdt garam--1/2 sdt lada--1/4 sdt pala bubuk--Kaldu sapi secukupnya (saya skip)--1 SDM minyak wijen/olive oil--secukupnya Butter/margarin--Bahan burger:--4 buah burger Bun--2 bh tomat--1 bh bawang Bombay--4 lembar cheddar slice--secukupnya Daun selada--secukupnya Saos sambal, tomat, mayonaise--","Campur semua bahan patty dalam wadah, aduk hingga tercampur rata. Bisa tambahkan takaran garam jika dirasa kurang.--Bentuk bulat pipih, sesuai ukuran yg diinginkan. Saya bikin jadi 4. Ketebalan sesuai selera ya.--Saya bungkus masingÂ² patty dgn plastik warp karena tidak langsung digunakan. Simpan di freezer. Bisa tahan sampe 2 bulan lebih.--Cara masak patty: 1. Di panggang dgn teflon. Cairkan margarin lalu panggang hingga kecoklatan, balik satu kali saja.--2. Dengan oven. Saya pake metode ini. Olesi loyang dengan margarin, lalu panggang patty di suhu 250Â°C selama 5-10 menit.--Potong roti burger lalu siapkan teflon. Cairkan sedikit margarin, lalu panggang roti pada sisi yg dipotong tadi. Sebentar saja dengan api sedang hingga permukaan roti kecoklatan.--Olesi sisi roti yg dipanggang td dgn saos tomat/sambal dan mayonaise. Susun selada diatasnya.--Lalu susun irisan tomat yg dipotong melingkar lalu bawang bombai yg dipotong melingkar (saya skip). Semprotkn mayonise dan saos jika suka.--Selanjutnya beef patty lalu keju slice. Terakhir potongan burger Bun yg sisinya diolesi saos.--Yuuummm.. enak buat sarapan + mengenyangkan.--",38,/id/resep/3732080-beef-burger-homemade,Sapi,"250gr-daging giling; 1/2 dadu bawang bombai; 1 butir putih telur; 3 SDM tepung roti; 20ml susu; 2/3 sdt garam; 1/2 sdt lada; 1/4 sdt pala bubuk; 1 SDM minyak wijen; butter/margarin; 4 burger bun; 2 tomat; 1 bawang bombai; 4 lembar keju cheddar; daun selada; saus sambal, tomat, mayonaise"
19,Soto Daging Sapi,1/2 kg daging sapi--garam--penyedap rasa--Bumbu Halus :--4 siung bawang putih--1/2 ruas kunyit--1/2 ruas jahe--2 butir kemiri--2 siung bawang merah--bahan/bumbu kasar :--1/2 ruas lengkuas geprek--1 batang serai geprek--2 lembar daun jeruk--1 sdm lada bubuk--1 sdt gula merah--1 bks santan kara--bahan pelengkap :--1 batang daun bawang iris tipis--2 buah tomat merah iris tipis--sambal cabe--kecap manis--bawang goreng--emping melinjo goreng--,"Potong dadu daging sapi, cuci sebentar. rebus sampai empuk--Tumis bumbu halus dengan sedikit minyak sampai harum, masukan bahan kasar, yaitu lengkuas geprek, daun jeruk dan 1 batang serai geprek. aduk2 sampai harum--Campurkan tumisan bumbu bersama minyaknya ke dalam rebusan daging sapi--Tambahkan garam dan lada bubuk kemudian tambahkan sedikit gula merah biarkan sampai bumbu meresap ke dalam daging--Setelah daging mulai meresap dengan bumbu dan tekstur nya empuk, masukan penyedap rasa. apabila rasa sudah pas masukan santan kara aduk2 sebentar saja kemudian angkat--Sajikan bersama irisan daun bawang, irisan tomat, kerupuk emping melinjo dan taburan bawang goreng. beri kecap dan sambal cabe.. sajikan ğŸ¤—--",41,/id/resep/4056647-soto-daging-sapi,Sapi,1/2kg-daging sapi; garam; penyedap rasa; 4-bawang putih; 1/2-kunyit; 1/2-jahe; 2-kemiri; 2-bawang merah; 1/2-lengkuas geprek; 1-serai geprek; 2-daun jeruk; 1sdm-lada bubuk; 1sdt-gula merah; 1bks-santan kara; 1-daun bawang iris tipis; 2-tomat merah iris tipis; sambal cabe; kecap manis; bawang goreng; emping melinjo goreng
20,Tumis Sawi Putih Tahu,1 buah sawi putih--5 buah tahu kuning--5 siung bawang merah--3 siung bawang putih--1/2 buah tomat--1 sdm saus tiram--10 buah cabe rawit merah--Secukupnya masako ayam--1 sdt gula pasir--Air--Minyak goreng--,"Potong tahu, lalu goreng setelah matang sisihkan, untuk sawinya potong dan cuci bersih--Iris bawang merah putih, rawit dan tomat--Panaskan minyak tumis duo bawang, setelah harum masukan rawit dan tomat, disusul masukan sawi, masako, air dan gula putih, aduk sampai sawi agak matang, lalu masukan saus tiram dan tahu, jangan lupa koreksi rasa, jika sudah pas tunggu sampai matang--Selamat mencoba ğŸ˜Š--",31,/id/resep/4057734-tumis-sawi-putih-tahu,Tahu,1kg-ikan; 200ml-air; 5-tahu; 5-bawang; 3-bawang; 1-tomat; 1sdm-saus tiram; 10-cabe; masako ayam; 1sdt-gula
21,Tahu Kukus rendah lemak cocok untuk diet,"2 buah tahu--1 butir telur--1 buah wortel--1 buah daun bawang--2 siung bawang putih--3 siung bawang merah--secukupnya Merica--7 sdm tepung (tepung terigu, tepung bakwan, tepung serbaguna)--2 sendok minyak zaitun (boleh diganti minyak goreng biasa) agar adonan tidak lengket pd loyang--","Potong bawang prei, parut wortel spt di gambar / sesuai selera. Bisa ditambahkan campuran lain spt jamur / sosis. Gunakan 2 tahu.--Haluskan merica, bawang putih dan bawang merah.--Campurkan semua bahan, haluskan.--Tambahkan tepung. Bisa tepung bumbu atau tepung bakwan agar lebih enak.--Masukkan dalam cetakan--Kukus dan usahakan beri serbet pada tutup pengukus untuk menahan air tidak jatuh ke adonan.--Kukus selama 15-20 menit hingga adonan mengembang.--Jika bosan di kukus, setelah proses pengukusan bisa digoreng dg dibaluri putih telur--",15,/id/resep/4384662-tahu-kukus-rendah-lemak-cocok-untuk-diet,Tahu,1kg-tahu; 1-telur; 1-wortel; 1-daun bawang; 2-bawang putih; 3-bawang merah; secukupnya-merica; 7sdm-tepung; 2sdm-minyak
22,Nugget tahu,2 bh tahu kotak--1 bh telur--3 sdm tepung terigu--2 bh bawang putih--1 bh bawang daung--Merica sck--Garam sck--Penyedap rasa sck--Pelapis:--1 sdm tepung terigu cairkan--5 sdm tepung panir--,"Blender tahu, telor, bawang putih--Lalu tuang kedalam mangkok tambahkan garam, merica, penyedap rasa, dan daun bawang yang sudah diiris tipis aduk rata--Masukkan ke dalam wadah lalu kukus 30 menit. Dan biarkan dingin--Setelah dingin potong sesuai selera lalu celup ke tepubg terigu yang sudah di cairkan--Gulingkan ke tepung panir lalu diamkan dalam kulkas bisa simpan ke dalam frezzer untuk 7 hari kedepan.--Panaskan minyak goreng lalu goreng dengan api kecil hingga matang--Sajikan dengan saus botolan di temani segelas kopi ğŸ˜ŠğŸ˜š--",17,/id/resep/4353335-nugget-tahu,Tahu,1bh-tahu; 1bh-telur; 3sdm-tepung terigu; 2bh-bawang putih; 1bh-bawang daung; -merica; -garam; -penyedap rasa; -tepung terigu cair; -tepung panir
23,Tahu kecap,"10 buah tahu pong--2 lembar daun jeruk--3 sdm kecap manis--Secukupnya garam, gula, penyedap rasa--Secukupnya air--Minyak goreng untuk menumis--Bumbu halus :--1/2 sdt merica--2 siung bawang putih--4 siung bawang merah--","Tumis bumbu halus hingga harum, masukkan tahu pong dan beri air sedikit--Tambahkan kecap, daun jeruk, garam, gula dan penyedap rasa sambil koreksi rasa--Masak hingga bumbu meresap--",12,/id/resep/3975853-tahu-kecap,Tahu,2-tahu pong; 2-daun jeruk; 3-kecap manis; -garam; -gula; -penyedap rasa; -air; -minyak goreng; -1/2 merica; 2-bawang putih; 4-bawang merah
24,Gehu jeletot/tahu isi,10 biji Tahu--1/4 kg Daging ayam cincang--1 buah Wortel--1/4 Kubis--1 bungkus Tauge--secukupnya Daun bawang--5 siung Bawang merah--3 siung Bawang putih--secukupnya Merica--1 ons Cabe rawit--1 sdm garam--1 sdm gula--secukupnya Penyedap rasa--secukupnya Terigu utk adonan menggoreng tahu--,"Keluarkan isi tahu yg sudah dgoreng, Cincang daging ayam,wortel,kubis,daun bawang,cabai rawit sisihkan--Haluskan bawang merah dan bawang putih,merica kemudian tumis--Setelah harum masukan bahan yg sudah dcincang td, beserta isi tahu yg dkeluarkan tambahkan sedikit air, masukan gula,garam penyedap rasa, tumis sampai matang--Setelah matang masukan isian kedalam tahu yg sudah kopong tadi sampai padat--Buat adonan tepung tambahkan sedikit bumbu agar lbih gurih--Panaskan minyak ambil tahu masukan ke adonan tepung kemudian goreng smpe berwarna kecoklatan--",16,/id/resep/3253270-gehu-jeletottahu-isi,Tahu,1/4 kg-ayam cincang; 1-wortel; 1/4-kubis; 1-tauge; 1-daun bawang; 8-bawang merah; 3-bawang putih; 1 ons-cabe rawit; 1 sdm-garam; 1 sdm-gula; secukupnya-penyedap rasa; secukupnya-terigu
25,Telur dadar gulung #egg roll,5 butir telur--50 grm wortel--40 grm daun bawang--Garam + bumbu kaldu secukup nya--Minyak goreng secukup nya--,"Siapkan bahan nya--Cuci bersih wortel dan daun bawang lalu potong kecilâ€,telur kocok lepas, campur wortel,daun bawang,garam dan bumbu kaldu, lalu dadar dan gulung, lihat gambar step by step,lakukan hingga habis, dadar dengan api sedang masak hingga matang--Egg roll nya siap untuk di sajikan--",18,/id/resep/4282370-telur-dadar-gulung-egg-roll,Telur,5-telur; 50g-wortel; 40g-daun bawang; garam+bumbu kaldu; minyak
26,Telur Petis,8 butir telur ayam--7 siung bawang putih--8 siung bawang merah--5 buah rawit merah--1 sdm petis--Santan secukupnya (bumas)--secukupnya Air--,"Ceplok 8 buah telur, sisihkan--Iris bawang putih, bawang merah dan rawit merah (iris bagi 2 untuk rawit). Lalu tumis hingga harum--Tambahkan 1 sdm petis, aduk hingga mencair dan tercampur rata. Tambahkan air dan santan secukupnya (jgn terlalu byk)--Masukkan telur yg sudah di ceplok tadi. Aduk perlahan. Diamkan kurang lebih 5-10 menit hingga kuah agak asat dan bumbu meresap. Cicipi, bisa tambah royco jika kurang pas--Sajikan--",30,/id/resep/3909467-telur-petis,Telur,3-telur; 5-bawang putih; 5-bawang merah; 3-cabai; 1-petik; santan secukupnya; air secukupnya
27,Tamagoyaki (Rollada telur),2 Butir telur--1/2 Buah wortel--2 Batang daun bawang--3 Sdm Tepung tapioka--5 Sdm Tepung terigu--2 Sdt garam--2 Sdt lada--Secukupnya Penyedap rasa--,"Siapkan bahan untuk isian yaitu 1/2 buah wortel yang telah dipotong kotak"" kecil, dan daun bawang iris tipis--Masukkan wortel dan daun bawang ke dalam mangkuk kecil, kemudian tambahkan 1 butir putih telur, lada, garam, dan penyedap rasa--Tambahkan 3 Sdm tepung tapioka dan 3 Sdm tepung terigu dalam mangkuk yang telah kita buat tadi, aduk perlahan. Tidak perlu ditambahkan air karena kita sudah menambahkan putih telur. Sisihkan--Untuk membuat kulit nya, ambil 1 butir telur yang utuh kemudian tambahkan 1 kuning telur (yang putihnya tadi dipakai untuk isian). Kemudian kocok lepas, sambil ditambahkan 2 Sdm tepung terigu agar sedikit kental--Goreng adonan kulit telur di atas panci teflon--Siapkan plastik bening untuk alas dan pembungkus telur agar mudah digulung--Ambil adonan kulit telur kemudian tambahkan isian diatasnya--Gulung secara perlahan adonan kemudian ikat ujungnya--Rebus ke dalam air mendidih selama kurang lebih 15 menit--Angkat lalu tiriskan--Tunggu hingga dingin, iris dengan tipis. Rollada siap dihidangkan, boleh dimakan langsung, untuk isian sop, atau digoreng agar renyah--Penampakan setelah digoreng. Renyah banget cocok buat lauk.
Selamat mencobaâ¤--",16,/id/resep/4056559-tamagoyaki-rollada-telur,Telur,1-telur; 1/2-wortel; 2-daun bawang; 5-tepung (terigu); 2-garam; 2-lada; secukupnya-penyedap
28,Semur Tahu telur,Tahu kain 3 biji dipotong bagi 4 kemudian digoreng--4 butir Telur direbus--Bumbu yg dihaluskan:--10 biji Bawang merah--3 biji Bawang putih--4 biji Kemiri--1/4 sdt Ketumbar--1/4 biji Pala--1/4 Cengkeh--5 cm Lengkuas--2 lembar Daun salam--1 tangkai Sereh--secukupnya Kecap manis--secukupnya Air putih--secukupnya Garam--,"Bumbu yg dihaluskan ditumis kemudian masukan lengkuas,sereh dan daun salam,cengkeh dan pala.--Lalu masukan Air, tahu,telur,kecap dan garam,masak sampai meresap.--",32,/id/resep/3961323-semur-tahu-telur,Telur,3-Tahu; 4-Telur; 10-Bawang merah; 3-Bawang putih; 4-Kemiri; Â¼-Ketumbar; Â¼-Pala; Â¼-Cengkeh; 5cm-Lengkuas; 2-Daun salam; 1-Sereh; -Kecap manis; -Air; -Garam
29,Telur Balado Ikan Teri,6 Telur Ayam--sesuai selera Cabai 50%(di ulek) sesuka hati--Minyak Nabati--5 Bawang merah (di ulek)--4 Bawang Putih (di ulek)--1/2 sendok teh Gula .--1 sendok teh Garam--1 buah Tomat 4% boleh--1 Gengam Ikan Teri--,"Rebus Telur hingga Matang.--Kupas kulit telur yg anda rebus tadi.--Setelah dikupas di goreng hinga timbul kulit, lalu Goreng Ikan Teri hingga Garing.--Siapkan Minyak, dan ambil 1 butir bawang merah dan 1 butir bawang putih. Dikupas di potong cacak2 sampai halus.--Setelah itu tumiskan hingga tercium bau harum. Masukkan Bumbu Cabai yg sudah di ulek tadi. Tambahkan sedikit minyak sedikit Royco, aduk2 hingga tercium harum, lalu masukkan telur dan ikan teri aduk2 sampai merata. Dan siap disajikan.--",19,/id/resep/4254381-telur-balado-ikan-teri,Telur,6-Telur Ayam; 50%-Cabai (diulek); -Minyak Nabati; 5-Bawang Merah (diulek); 4-Bawang Putih (diulek); 1/2sdt-Gula; 1sdt-Garam; 4%-Tomat (opsional); 1-Ikan Teri
30,Tahu Tempe Bacem,"2 papan tempe--6 buah tahu--5 cm lengkuas, geprek--3 Lembar daun salam--1 keping gula merah disisir--2 sdm kecap manis--secukupnya Garam dan air--Bumbu halus:--10 siung bawang merah--5 siung bawang putih--2 sdm ketumbar bubuk, sangrai--","Tempe dan tahu potong sesuai selera--Dalam wajan, masukkan bumbu halus, daun slm, lengkuas.--Masukkan tempe dan tahu beri garam dan air (tahu dan tempe terendam), masukkan gula merah yg disisir, masak hingga mendidih--Setelah mendidih masukkan kecap manis, sesekali dibalik tempe tahunya. Masak sampai air habis dan bumbu meresap.--Setelah bumbu meresap, matikan api. Goreng sebentar tahu tempe sebelum disajikan.--",103,/id/resep/4023886-tahu-tempe-bacem,Tempe,500g-tempe; 200ml-air; 5cm-lengkuas; 3-daun salam; 1/2-gula merah; 2sdm-kecap manis; garam; 10-bawang merah; 5-bawang putih; 2sdm-ketumbar bubuk
31,137. Steak Tempe,"1 papan tempe--100 gr ayam cincang--2 siung bawang putih--1/4 sdt merica--2 sdm tepung tapioka--1/2 sdt tepung terigu--2 bh telur--1/2 sdt garam--1 sdm bawang merah goreng (me skip)--secukupnya Mentega--secukupnya Minyak--Saus :--2 siung bawang putih--1 bh bawang bombay--1 sdt tepung terigu--3 sdm saus teriyaki (me saus tiram)--3 sdm saus tomat--1 sdm kecap--1/4 sdt merica--1/2 sdt garam--Secukupnya air--Pelengkap :--2 bh wortel, potong memanjang, kukus--100 gr buncis, potong memanjang, kukus--Kentang goreng--1 btr telur untuk pelapis--","Kukus tempe hingga lunak, haluskan, masukkan ayam, goreng bawang putih lalu haluskan bawang putih dan merica. Campurkan tempe, tepung tapioka, tepung terigu, telur. Aduk rata. Bentuk seperti bola lalu pipihkan.--Balur dengan telur, panggang di teflon yg sudah diberi mentega, bolak balik agar tidak gosong.--Saus : cincang halus bawang putih dan bawang bombay, lalu tumis bawang putih dan bawang bombay sampai harum lalu tambahkan saus tiram, saus tomat, kecap, lada bubuk, garam. Kemudian masukkan campuran tepung terigu dan air. Aduk rata sampai mengental. Cicipi koreksi rasanya.--Sajikan steak tempe, siram dengan saus lalu beri sayuran dan kentang goreng.--",67,/id/resep/4387416-137-steak-tempe,Tempe,100gr-ayam cincang; 2-bawang putih; 1/4sdt-merica; 2sdm-tepung tapioka; 1/2sdt-tepung terigu; 2-telur; 1/2sdt-garam; Sawadee; 2-bawang putih; 1-bawang bombay; 1sdt-tepung terigu; 3sdm-saus teriyaki/tiram; 3sdm-saus tomat; 1sdm-kecap; 1/4sdt-merica; 1/2sdt-garam; Air; 2-wortel kukus; 100gr-buncis kukus; Kentang goreng; 1-telur pelapis
32,Sambel tempe pete uleg,1 bungkus tempe--2 papan pete--1 bungkus terasi (saya pake abc)--7-11 cabe rawit (sesuai selera)--7 siung bawang merah--3 siung bawang putih--3 buah tomat--secukupnya Gula merah--secukupnya Garam dan gula--Penyedap rasa (optional)--,"Potong dadu tempe kemudian goreng, jgn trlalu kering, setelh di goreng, uleg tempe tp jgn trllu halus, cukup penyet saja--Kupas pete, kemudian belah jd 4 (bs sesuai selera) kemudian goreng sebentar--Bumbu halus : 4 bawang merah, bawang putih, cabe rawit, kemudian masukkan jg gula merah--Bumbu iris : 3 buah bawang merah, tomat--Siapkan minyak 1 sdm, goreng terasi trlebih dahulu sambil dihancurkan,--Setelah terasi wangi, masukkan bumbu halus dan iris, tumis sampai matang--Setelah itu masukkan tempe dan pete, gula, garam, dn penyedap, tumis sebentar, cek rasa--Sambel tempe pete uleg siap dinikmati, selamat mencoba ğŸ˜Š--",53,/id/resep/4243126-sambel-tempe-pete-uleg,Tempe,"2-tempe; 2-pete; 1-terasi; 7-11-cabe rawit; 7-bawang merah; 3-bawang putih; 3-tomat; gula merah, garam, gula; penyedap rasa (opsional)"
33,Tumis Tempe Maranggi,1 papan tempe--1/4 gula merah sisir--3 sdm air asam jawa--1 sdm kecap manis--2 buah Cabe keriting iris serong--Bumbu halus:--5 siung bawang putih--4 siung bawang merah--1 sdm ketumbar bubuk--1 sdt garam--1 sdt lada--Jahe--Laos--,"Potong tempe ukuran dadu, goreng setengah matang dan tiriskan.--Tumis bumbu halus hingga wangi, masukkan tempe dan cabe aduk hingga bumbu meresap.--Masukkan gula merah, kecap dan air asam jawa. Masak hingga matang/ gula jawa larut.--Sajikan selagi hangat ğŸ˜--",34,/id/resep/4070290-tumis-tempe-maranggi,Tempe,1kg-tempe; 200ml-air asam jawa; 1/4-gula merah; 1-kecap manis; 2-cabe keriting; 5-bawang putih; 4-bawang merah; 1-ketumbar; 1-garam; 1-lada; 1-jahe; 1-laos
34,Tumis buncis tempe bumbu kuning simpel,1/4 kg buncis--secukupnya tempe--Bumbu halus:--3 siung bawang putih--6 siung bawang merah--2 cm kunyit tua--Bumbu tambahan:--2 lembar daun salam--secukupnya lengkuas (geprek)--secukupnya jahe (geprek)--1 batang sereh--secukupnya garam--secukupnya gula merah--,"Tumis bumbu halus hingga harum, kemudian masukkan bumbu tambahan hingga layu.--Masukkan tempe dan buncis, tambah sedikit air, tunggu hingga matang, tes rasa.--Siap disajikan--",21,/id/resep/3981389-tumis-buncis-tempe-bumbu-kuning-simpel,Tempe,250g-buncis; tempe; 3-bawang putih; 6-bawang merah; kunyit; 2-daun salam; lengkuas; jahe; sereh; garam; gula merah
35,Kaldu kulit udang homemade,1/2 kg kulit & kepala udang--3 bh bawang putih iris tipis--2 bh bawang merah iris tipis--1 sdt garam--,Aduk semua bahan lalu tata diloyang lalu oven suhu 150derajat selama 40menit api bawah 20menit api atas bawah.--Haluskan menggunakan blender khusus bumbu kering. Lalu ayak. Ulangi sisa bahan yg masih kasar.--Simpan dalam wadah kering. Taraa.. dah jadi simple banget yah..--,34,/id/resep/3810061-kaldu-kulit-udang-homemade,Udang,500g-kulit & kepala udang; -bawang iris tipis; 1 sdt-garam
36,Hekeng Ayam Udang #keto,500 gr Paha Ayam Cincang--200 gr Udang Cincang Kasar--50 gr Putih Telur--70 gr Tepung Putih Telur--1 Batang Daun Bawang iris tipis--3 siung Bawang Merah Cincang--3 siung Bawang Putih Cincang--2 sdm Minyak Wijen--2 sdm Saos Tiram--1 sdt Himsalt--1 sdt Lada Bubuk--1/4 sdt Bumbu Ngo Hiong--1 Pack Kulit / Kembang tahu--,Aduk semua bahan jadi satu dan semua bumbu tercampur rata.--Bagi 8 kembang tahu. Bagi 8 adonan kekian agar sama besar.--Gulung adonan di kulit tahu sampai habis.--Kukus selama 20 menit.--Dinginkan. Bisa di frozen buat amunisi. Goreng saat mau di makan.--,55,/id/resep/3970771-hekeng-ayam-udang-keto,Udang,500g-ayam cincang; 200g-udang cincang; 50g-putih telur; 70g-tepung; 1-daun bawang iris; 3-bawang merah cincang; 3-bawang putih cincang; 2sdm-minyak wijen; 2sdm-saus tiram; 1sdt-garam; 1sdt-lada; 1/4sdt-bumbu ngo hiong; 1-kulit tahu
37,Tumis Sawi Hijau with Shrimp Simple,"2 ikat sawi hijau (potong2, cuci bersih)--1/4 kg udang--2 buah bawang putih, cincang--3 buah bawang merah, cincang--10 buah cabai cawit, potong2 / sesuai selera--Garam--Gula--Penyedap (saya pakai royko)--","Tumis bawang merah, bawang putih, cabe rawit hingga harum. Masukkan udang, masak hingga matang.--Masukkan sawi hijau, tambahkan garam, gula, penyedap. Jangan lupa koreksi rasa. Masak hingga sawi layu.--Angkat dan sajikan sengan nasi hangat dan kerupuk--Selamat mencoba ğŸ˜Š--",43,/id/resep/3919215-tumis-sawi-hijau-with-shrimp-simple,Udang,1/4kg-udang; 2-bawang-merah; 2-bawang-putih; 10-cabai; Garam; Gula; Penyedap
38,Udang Saus Tiram,1/4 udang--1 bawang putih--2 bawang merah--1/2 bawang bombai--1 batang Daun bawang--1 sdm Saus tiram--2 sdt Saus tomat--Secukupnya Merica--Secukupnya Garam--Secukupnya Penyedap--Secukupnya Gula pasir--,"Tumis bawang bombai sampai harum, masukkan duo bawang sampai harum pula--Masukkan udang (tumis sebentar), tambahkai sedikit air--Bumbui garam, gula,penyedap rasa,merica,saus tiram,saus tomat--Koreksi rasa baru masukkan daun bawang tumis sampai layu.--",64,/id/resep/4357462-udang-saus-tiram,Udang,1/4kg-udang; 1bawang-putih; 2bawang-merah; 1/2bawang-bombai; 1bawang-daun; 1sdm-saus-tiram; 2sdt-saus-tomat; secukupnya-merica; secukupnya-garam; secukupnya-penyedap; secukupnya-gula
39,Sambal Goreng Kentang Udang,1 kg kentang (dipotong kotak-kotak)--1/4 kg udang kupas--Secukupnya minyak goreng--Secukupnya air--Bumbu:--7 buah cabai merah--1 buah tomat--7 siung bawang merah--4 siung bawang putih--1 lembar daun jeruk--Secukupnya garam dan gula pasir--,"Goreng kentang setengah matang, sisihkan--Haluskan semua bumbu sampai lembut, dan tumis dengan sedikit minyak goreng, tambahkan sedikit air--Masukan udang dan Kentang, aduk merata--Koreksi rasa, tunggu sampai matang dan sambal goreng kentang udang siap disajikan--",12,/id/resep/4353129-sambal-goreng-kentang-udang,Udang,1kg-kentang; 250g-udang; minyak goreng; air; 7-cabai merah; 1-tomat; 7-bawang merah; 4-bawang putih; 1-daun jeruk; garam dan gula
